Asset,Max Slope Weights
Forward,0.10171947090214938
USD Security,0.013617329767219941
EUR Security,0.04926576170881238
USD ZC,0.131554810122634
EUR ZC,0.8055620984013337
