Asset,Max Slope Weights
Forward,0.10046417642576075
USD Security,0.019084819490532517
EUR Security,0.046725297610894286
USD ZC,0.24185689083516315
EUR ZC,0.6923329920634099
